timestamp,x,y,z
470260458182,0.410645,-0.732422,0.583496
470260481838,0.416992,-0.710449,0.609375
470260496895,0.356934,-0.706543,0.61377
470260518138,0.277832,-0.751953,0.637207
470260533054,0.267578,-0.759277,0.621582
470260564213,0.321777,-0.766113,0.645508
470260579313,0.34082,-0.763184,0.630859
470260633394,0.363281,-0.709961,0.62207
470260633996,0.36377,-0.71875,0.622559
470260634840,0.331055,-0.743164,0.624512
470260647095,0.337891,-0.760254,0.608398
470260669395,0.336914,-0.747559,0.59082
470260694648,0.335938,-0.755371,0.596191
470260710993,0.33252,-0.749512,0.611816
470260760688,0.316895,-0.738281,0.607422
470260761418,0.337891,-0.698242,0.601562
470260768229,0.371582,-0.745605,0.561035
470260788042,0.37207,-0.744629,0.583984
470260811189,0.329102,-0.734863,0.589355
470260835600,0.29834,-0.750977,0.621582
470260857436,0.321777,-0.759277,0.614258
470260872506,0.324707,-0.756348,0.598633
470260894941,0.359863,-0.753906,0.607422
470260917658,0.331055,-0.745117,0.618164
470260931928,0.333008,-0.722168,0.626465
470260954992,0.350098,-0.73584,0.618652
470260977595,0.351562,-0.736816,0.616699
470260991968,0.317383,-0.756348,0.607422
470261015128,0.310059,-0.75,0.602051
470261037598,0.328125,-0.746094,0.604492
470261051904,0.322266,-0.739746,0.61377
470261074916,0.335449,-0.729004,0.609863
470261098039,0.334961,-0.73291,0.60791
470261111887,0.342285,-0.758789,0.608887
470261134989,0.34082,-0.765137,0.598633
470261157574,0.336914,-0.768066,0.592285
470261171934,0.325195,-0.748047,0.591309
470261194919,0.315918,-0.767578,0.618164
470261217645,0.33252,-0.759277,0.620117
470261231970,0.333984,-0.736816,0.625
470261255071,0.29834,-0.737305,0.617676
470261277603,0.313477,-0.736328,0.614258
470261298595,0.328613,-0.749023,0.605469
470261315104,0.324219,-0.754883,0.611328
470261337585,0.312988,-0.769043,0.604004
470261358459,0.317871,-0.760742,0.59668
470261374990,0.320801,-0.746582,0.594238
470261398058,0.326172,-0.753906,0.597168
470261418511,0.312012,-0.753418,0.598145
470261435032,0.308594,-0.745117,0.598145
470261457562,0.321289,-0.737793,0.590332
470261478530,0.319336,-0.741699,0.595703
470261495037,0.320312,-0.73291,0.599121
470261517570,0.30957,-0.754883,0.601562
470261546132,0.313965,-0.774414,0.602051
470261554960,0.323242,-0.770996,0.604492
470261577542,0.332031,-0.769043,0.619141
470261598487,0.325195,-0.769531,0.625488
470261615094,0.311035,-0.771484,0.625
470261637525,0.308105,-0.756348,0.624512
470261658580,0.298828,-0.740723,0.618164
470261675058,0.302246,-0.738281,0.610352
470261697572,0.295898,-0.73584,0.602539
470261710414,0.30127,-0.737793,0.600098
470261732874,0.318359,-0.742188,0.594238
470261756102,0.318848,-0.753418,0.591309
470261770290,0.310059,-0.769531,0.609375
470261785392,0.300293,-0.765625,0.625488
470261807953,0.289551,-0.758301,0.628906
470261824379,0.293945,-0.768066,0.628418
470261845458,0.297363,-0.760254,0.631836
470261867873,0.289551,-0.755371,0.633301
470261884254,0.286621,-0.748535,0.642578
470261905256,0.289551,-0.744629,0.641113
470261930723,0.283691,-0.746094,0.637207
470261944318,0.28418,-0.743652,0.631836
470261965280,0.286133,-0.742188,0.630859
470261987786,0.291504,-0.747559,0.630371
470262011710,0.290039,-0.748535,0.629883
470262032773,0.285645,-0.746094,0.617676
470262047782,0.298828,-0.759277,0.622559
470262064228,0.294434,-0.743652,0.622559
470262085280,0.287598,-0.737305,0.626953
470262107773,0.283691,-0.745117,0.620605
470262124234,0.28418,-0.740234,0.626953
470262145290,0.286133,-0.745117,0.628418
470262170700,0.289551,-0.749512,0.627441
470262185707,0.278809,-0.73877,0.635742
470262208212,0.306641,-0.751953,0.606934
470262229249,0.308105,-0.737305,0.626465
470262245711,0.286621,-0.755859,0.624512
470262268209,0.294434,-0.747559,0.62207
470262287785,0.289551,-0.753906,0.628906
470262313231,0.286621,-0.761719,0.61377
470262325287,0.26709,-0.766113,0.616211
470262347814,0.271484,-0.780762,0.617676
470262365683,0.291016,-0.757324,0.627441
470262385323,0.303711,-0.751465,0.619629
470262407752,0.304199,-0.743652,0.623047
470262425666,0.287598,-0.755859,0.633301
470262445286,0.276855,-0.749023,0.628418
470262467783,0.278809,-0.762207,0.626465
470262486209,0.281738,-0.757324,0.629395
470262506727,0.290527,-0.745117,0.622559
470262527746,0.292969,-0.735352,0.614258
470262545871,0.290039,-0.744141,0.620605
470262565290,0.282227,-0.760742,0.606934
470262589473,0.295898,-0.756348,0.620117
470262610348,0.296875,-0.768555,0.609863
470262625309,0.292969,-0.762207,0.612305
470262647942,0.293945,-0.757324,0.619141
470262665726,0.289551,-0.757812,0.623535
470262685292,0.287109,-0.747559,0.615234
470262707926,0.285645,-0.743164,0.62207
470262725870,0.282227,-0.747559,0.617188
470262745459,0.284668,-0.754395,0.617676
470262767960,0.297363,-0.751953,0.62207
470262785742,0.291016,-0.752441,0.616211
470262805434,0.293457,-0.75293,0.623535
470262827941,0.284668,-0.750488,0.612793
470262845839,0.279297,-0.760742,0.625977
470262866824,0.280762,-0.755371,0.62207
470262887977,0.284668,-0.758301,0.62207
470262905868,0.286133,-0.757812,0.621094
470262926792,0.293457,-0.757324,0.617676
470262947891,0.291504,-0.758789,0.620605
470262965835,0.285156,-0.760254,0.619629
470262986777,0.286621,-0.756836,0.615723
470263007783,0.285645,-0.755371,0.604492
470263025829,0.279785,-0.760254,0.614746
470263046889,0.27832,-0.765137,0.610352
470263067931,0.279785,-0.753418,0.607422
470263085831,0.281738,-0.761719,0.613281
470263106839,0.280762,-0.76123,0.623047
470263127777,0.283691,-0.753418,0.623535
470263145816,0.28125,-0.756348,0.631836
470263166860,0.283691,-0.765137,0.640625
470263190627,0.280273,-0.757812,0.629395
470263205664,0.278809,-0.755859,0.632324
470263228216,0.274414,-0.749512,0.635742
470263247800,0.269043,-0.757812,0.634766
470263265642,0.263184,-0.755371,0.620605
470263288199,0.270996,-0.763184,0.612305
470263307766,0.276855,-0.765137,0.605469
470263325672,0.289062,-0.760254,0.605469
470263348114,0.286621,-0.757812,0.611816
470263367770,0.282227,-0.762207,0.619141
470263385663,0.276855,-0.759277,0.626953
470263408280,0.276367,-0.760254,0.631836
470263427903,0.266113,-0.756348,0.641602
470263445701,0.264648,-0.75,0.641113
470263468636,0.260742,-0.748535,0.635742
470263487732,0.26416,-0.75293,0.629395
470263505766,0.272949,-0.758301,0.629883
470263528333,0.279297,-0.757324,0.623535
470263547931,0.286621,-0.750977,0.615723
470263565672,0.288574,-0.748535,0.616211
470263588319,0.271973,-0.743652,0.617676
470263607744,0.26709,-0.742188,0.62207
470263625692,0.263672,-0.742188,0.624023
470263648197,0.257812,-0.743164,0.638672
470263668421,0.255371,-0.751465,0.631348
470263685899,0.277832,-0.756348,0.621582
470263707526,0.287109,-0.751953,0.611816
470263728552,0.296387,-0.758301,0.605957
470263744915,0.283691,-0.783203,0.609863
470263767461,0.273438,-0.780762,0.598633
470263788495,0.268555,-0.784668,0.60498
470263812426,0.275391,-0.783691,0.60791
470263827528,0.276855,-0.770508,0.612305
470263848575,0.27002,-0.758301,0.614746
470263864864,0.260742,-0.755859,0.629883
470263887350,0.256348,-0.743652,0.633789
470263908443,0.254883,-0.75,0.629883
470263924977,0.260254,-0.758789,0.626465
470263947510,0.266113,-0.770508,0.623535
470263968562,0.267578,-0.780273,0.619141
470263984841,0.273926,-0.790527,0.61377
470264007320,0.276855,-0.782715,0.605469
470264028392,0.273438,-0.774414,0.606445
470264044778,0.267578,-0.757812,0.614258
470264067488,0.260254,-0.762207,0.611328
470264088413,0.259766,-0.772949,0.612793
470264105709,0.261719,-0.76123,0.61377
470264127524,0.266602,-0.766113,0.610352
470264150006,0.265137,-0.772949,0.61377
470264172346,0.269531,-0.775879,0.609863
470264187457,0.269043,-0.777832,0.605469
470264209985,0.264648,-0.769043,0.604004
470264224849,0.266602,-0.775391,0.605469
470264247400,0.266113,-0.760742,0.605469
470264270015,0.260254,-0.750488,0.597656
470264284323,0.261719,-0.76123,0.599609
470264307368,0.255371,-0.785645,0.602539
470264329857,0.253418,-0.784668,0.602539
470264344172,0.269531,-0.782715,0.605957
470264367289,0.269043,-0.78125,0.611328
470264389810,0.26123,-0.776855,0.625
470264404235,0.251953,-0.76416,0.631348
470264427286,0.234863,-0.753906,0.630859
470264449798,0.226074,-0.751953,0.646973
470264464206,0.216797,-0.752441,0.654297
470264487293,0.222168,-0.78125,0.653809
470264509774,0.26123,-0.768066,0.630859
470264524214,0.290039,-0.760742,0.610352
470264554963,0.290039,-0.768555,0.605957
470264575998,0.280273,-0.780273,0.600098
470264591038,0.250488,-0.785156,0.605469
470264607370,0.246582,-0.779297,0.608398
470264629959,0.250488,-0.764648,0.614746
470264650934,0.256348,-0.76416,0.614258
470264667342,0.252441,-0.758301,0.624512
470264689851,0.248535,-0.753418,0.62793
470264711072,0.25293,-0.745117,0.631348
470264727378,0.245117,-0.749512,0.620117
470264749772,0.247559,-0.754883,0.61377
470264771028,0.246582,-0.757812,0.606934
470264787392,0.25,-0.778809,0.600098
470264809867,0.249512,-0.777344,0.603516
470264831032,0.258301,-0.789551,0.605957
470264847345,0.258789,-0.790527,0.609863
470264877353,0.253418,-0.780762,0.617188
470264891043,0.244629,-0.773438,0.626953
470264907303,0.236328,-0.769531,0.632324
470264929849,0.23584,-0.769043,0.630859
470264951031,0.223633,-0.769531,0.634766
470264967505,0.226562,-0.770996,0.64502
470264989826,0.217773,-0.780273,0.64502
470265011066,0.213379,-0.785645,0.650879
470265027400,0.209473,-0.814941,0.674316
470265049969,0.246582,-0.824219,0.668945
470265072299,0.282715,-0.856445,0.668457
470265086698,0.361816,-0.87793,0.64502
470265109923,0.381836,-0.865234,0.643555
470265132455,0.323242,-0.854492,0.652832
470265146804,0.273926,-0.850098,0.67041
470265169794,0.265137,-0.878418,0.691895
470265192409,0.271484,-0.905273,0.691895
470265213599,0.306641,-0.834961,0.685547
470265229746,0.344238,-0.790527,0.658691
470265258413,0.395996,-0.745605,0.658203
470265273311,0.427734,-0.766113,0.655273
470265289843,0.489258,-0.700195,0.677246
470265312422,0.628418,-0.600098,0.604492
470265333511,0.568848,-0.57666,0.429199
470265349792,0.757812,-0.691895,0.549316
470265372347,0.91748,-0.634277,0.416992
470265393346,0.625,-0.614746,0.48584
470265409820,0.606445,-0.571777,0.475586
470265432298,0.594238,-0.692871,0.496094
470265453444,0.555664,-0.686523,0.523926
470265469844,0.496582,-0.67627,0.50293
470265492242,0.459961,-0.660645,0.52832
470265513527,0.468262,-0.652832,0.511719
470265529839,0.493164,-0.646973,0.564453
470265552272,0.467285,-0.691895,0.57666
470265573482,0.411133,-0.61084,0.576172
470265589844,0.44873,-0.719238,0.559082
470265618427,0.403809,-0.663086,0.597656
470265640987,0.394531,-0.659668,0.599609
470265649801,0.334961,-0.62207,0.594238
470265672284,0.312012,-0.630371,0.59082
470265693528,0.333008,-0.677246,0.623535
470265709123,0.352539,-0.708984,0.626465
470265732458,0.336914,-0.69873,0.631348
470265760988,0.33252,-0.70752,0.617188
470265769118,0.337402,-0.663574,0.624512
470265792298,0.356934,-0.680664,0.621582
470265814762,0.344727,-0.736328,0.640625
470265829150,0.38916,-0.749023,0.664062
470265852437,0.374512,-0.701172,0.75
470265873304,0.229004,-0.72168,0.812988
470265889297,0.0849609,-0.611328,0.79541
470265912290,0.169922,-0.536133,0.73291
470265933531,0.395996,-0.520996,0.703613
470265949177,0.482422,-0.597168,0.727539
470265972342,0.335449,-0.730957,0.686035
470265993518,0.276855,-0.817871,0.535645
470266009075,0.182617,-0.86084,0.469727
470266032304,0.114746,-0.771484,0.437012
470266054819,-0.00488281,-0.65918,0.425781
470266069185,0.00244141,-0.723633,0.381836
470266092306,0.144043,-0.889648,0.384766
470266115463,-0.0341797,-0.877441,0.421387
470266129150,-0.269043,-0.778809,0.341309
470266152292,-0.219238,-0.790527,0.41748
470266174872,-0.108398,-0.790039,0.445312
470266195939,-0.118652,-0.736328,0.481445
470266212386,-0.103516,-0.731445,0.529297
470266234874,-0.0976562,-0.765625,0.488281
470266255808,-0.118652,-0.720215,0.499512
470266272429,-0.152344,-0.683594,0.559082
470266294940,0.0234375,-0.716309,0.797852
470266315980,0.566895,-0.979492,0.956055
470266332294,0.98584,-1.21143,0.97998
470266354921,0.386719,-1.41406,1.10254
470266375881,0.0649414,-1.15918,0.830566
470266392297,0.0078125,-0.363281,0.80957
470266414770,-0.0483398,-0.0556641,0.46582
470266435987,0.287109,-0.507812,0.543457
470266452302,0.714355,-0.913574,0.529297
470266474766,0.593262,-1.11914,0.54248
470266495905,0.383301,-0.84668,0.560059
470266512700,0.0371094,-0.605469,0.549805
470266534760,-0.175781,-0.515137,0.563477
470266555915,-0.230957,-0.516113,0.532715
470266572393,-0.111328,-0.714844,0.348145
470266594738,0.0668945,-1.22852,0.288574
470266615813,-0.000976562,-1.42773,0.374023
470266632425,-0.250977,-1.25146,0.396484
470266654741,-0.312012,-0.936523,0.466309
470266675979,-0.27832,-0.734863,0.441895
470266692281,-0.157227,-0.602539,0.554688
470266714827,0.0795898,-0.560059,0.64209
470266735935,0.621582,-0.549316,0.741699
470266751577,0.98291,-0.811523,0.887695
470266774791,0.388184,-1.021,1.03662
470266795885,-0.0551758,-1.38379,0.967285
470266812298,0.11084,-0.663086,0.832031
470266834778,0.170898,-0.0209961,0.78125
470266855841,0.107422,-0.236816,0.691406
470266872402,0.0898438,-0.618164,0.669922
470266894742,0.213867,-0.870605,0.506348
470266916371,0.710449,-1.01318,0.419922
470266931679,0.553223,-0.952637,0.473145
470266954802,-0.0639648,-0.789062,0.463379
470266977455,-0.291504,-0.701172,0.464355
470266991596,-0.15332,-0.720703,0.469727
470267014874,-0.0473633,-0.905762,0.328125
470267037435,-0.090332,-1.20947,0.323242
470267051621,-0.185059,-1.28857,0.395996
470267074675,-0.242188,-1.10352,0.474609
470267097289,-0.254883,-0.934082,0.512207
470267118469,-0.361816,-0.72168,0.564453
470267134764,-0.265625,-0.653809,0.660645
470267157959,0.0415039,-0.662109,0.605469
470267178457,0.518555,-0.625977,0.575195
470267194731,0.717773,-0.622559,0.595215
470267224790,0.361816,-0.757812,0.759277
470267238391,0.191406,-1.02832,0.636719
470267254112,0.0483398,-1.11914,0.401367
470267284887,0.0546875,-0.52832,0.297852
470267298322,0.316406,-0.266113,0.137695
470267314761,0.461426,-0.805176,0.307617
470267337394,0.357422,-1.35107,0.455078
470267358464,0.182129,-1.24365,0.518555
470267374765,0.0898438,-0.713867,0.581543
470267397407,0.187988,-0.599609,0.669922
470267418476,0.133789,-0.836914,0.755371
470267434885,0.0854492,-0.983887,0.772949
470267457270,0.148438,-1.14258,0.857422
470267478403,0.211914,-1.15674,0.962402
470267502288,0.0766602,-1.07959,0.897949
470267517440,0.00292969,-0.826172,0.90332
470267538482,-0.0688477,-0.882812,0.943848
470267554742,-0.182129,-0.955566,0.934082
470267577295,-0.230957,-0.921387,0.878418
470267598448,-0.272949,-0.804199,0.833008
470267615726,-0.290039,-0.773438,0.793945
470267637306,-0.352051,-0.681641,0.748535
470267658437,-0.365234,-0.522461,0.644043
470267674625,-0.5,-0.371582,0.42627
470267697245,-0.516113,-0.57959,0.456543
470267718297,-0.283203,-0.935547,0.513184
470267734036,0.133789,-1.10498,0.484375
470267757445,0.312012,-0.720703,0.445801
470267778323,0.751465,-0.658203,0.36377
470267794141,1.93994,-0.349121,0.189941
470267817358,1.83252,0.237793,0.0751953
470267838287,1.20215,0.605957,0.0166016
470267854130,1.0249,0.217285,0.293945
470267877398,1.21289,-0.202637,0.324219
470267898342,1.04834,-0.524902,0.480469
470267914006,0.876953,-0.868652,0.568848
470267929076,0.845703,-0.969727,0.628906
470267942747,0.705566,-0.959961,0.669434
470267965212,0.433594,-0.874023,0.724121
470267981544,0.103027,-0.879883,0.827148
470268002563,-0.0786133,-0.880371,0.868164
470268025291,-0.151855,-0.834473,0.887695
470268041495,-0.375488,-0.627441,0.949219
470268062636,-0.400879,-0.736328,0.898926
470268085255,-0.530273,-0.73291,0.774902
470268101692,-0.42041,-0.657715,0.847656
470268122662,-0.508789,-0.329102,0.796387
470268145247,-0.628906,-0.344238,0.750977
470268161682,-0.709961,-0.36377,0.758789
470268182729,-0.182129,-0.24707,0.658203
470268206162,-0.270996,-0.369141,0.670898
470268220307,-0.31543,-0.438477,0.62793
470268251639,-0.333984,-0.405762,0.577148
470268273991,-0.354004,-0.408203,0.576172
470268280300,-0.402344,-0.438965,0.637695
470268311436,-0.497559,-0.421387,0.674316
470268334023,-0.326172,-0.532227,0.630371
470268340271,-0.0136719,-0.581543,0.699219
470268362594,0.130859,-0.908691,0.722168
470268385046,0.0913086,-0.92627,0.678223
470268401642,0.765137,-0.674805,0.520508
470268422731,1.34277,-1.01807,0.646484
470268445359,1.15332,-0.904297,0.526855
470268461552,0.780273,-0.711426,0.580078
470268485709,0.58252,-0.650391,0.638672
470268505228,0.610352,-0.833984,0.585938
470268521513,0.713867,-0.789062,0.490723
470268542591,0.87207,-0.555176,0.473145
470268565826,0.820801,-0.226562,0.404785
470268580273,0.796875,-0.251465,0.412598
470268602784,0.843262,-0.367188,0.466797
470268625099,0.865723,-0.456543,0.508301
470268649041,0.915039,-0.552734,0.475098
470268662680,0.911621,-0.771973,0.44873
470268685182,0.906738,-1.02686,0.456543
470268701516,0.922852,-1.17334,0.516602
470268722641,0.909668,-1.16064,0.570312
470268745103,0.61377,-1.12158,0.614258
470268761714,0.311523,-0.963867,0.61377
470268782706,0.0673828,-0.821777,0.560059
470268805202,-0.0942383,-0.771484,0.587402
470268821615,-0.112305,-0.752441,0.562012
470268842701,-0.205078,-0.76709,0.497559
470268865075,-0.422852,-0.558105,0.488281
470268890558,-0.435059,-0.415527,0.423828
470268902679,-0.388672,-0.414062,0.347168
470268925045,-0.334961,-0.316895,0.379395
470268950529,-0.388672,-0.27002,0.396484
470268962713,-0.358887,-0.258789,0.404297
470268985253,-0.348633,-0.317383,0.458008
470269002952,-0.388184,-0.356445,0.541992
470269022618,-0.390137,-0.438477,0.605469
470269045319,-0.44873,-0.444336,0.682129
470269063133,-0.348145,-0.612305,0.666504
470269085592,-0.412109,-0.653809,0.653809
470269105223,-0.552734,-0.603516,0.64502
470269123171,-0.745117,-0.538086,0.713867
470269142742,-0.431152,-0.520508,0.738281
470269168129,-0.124512,-0.685059,0.839844
470269183066,-0.130371,-0.876953,0.777344
470269202591,-0.0375977,-0.793945,0.795898
470269225184,0.586426,-0.77832,0.974121
470269250466,0.598633,-1.02588,0.710449
470269262674,0.0810547,-0.471191,0.496582
470269292729,0.081543,-0.380859,0.463867
470269302942,0.226074,-0.61084,0.239746
470269322773,0.272461,-1.01758,-0.043457
470269345192,0.330566,-1.21338,-0.0698242
470269363111,-0.158691,-1.18701,0.0615234
470269382702,-0.0102539,-2.11816,-0.00537109
470269405199,0.222656,-1.81982,0.234863
470269420146,0.131836,-1.1665,0.368164
470269442776,-0.213379,-0.837402,0.32959
470269465104,-0.181641,-1.06445,0.300293
470269480137,-0.199707,-1.26562,0.256836
470269503976,-0.434082,-1.30225,0.217773
470269525184,-0.40918,-1.12256,0.419434
470269543159,-0.0322266,-1.09424,0.422852
470269571514,0.468262,-0.816895,0.490723
470269585229,0.642578,-0.235352,1.0376
470269603116,-0.0761719,0.61084,0.837891
470269623990,-0.282227,0.209961,0.414062
470269645117,-0.0351562,-0.566895,0.411133
470269663085,-0.03125,-0.894043,0.491699
470269684167,-0.0541992,-0.890137,0.390625
470269705240,-0.0927734,-0.920898,0.256348
470269724816,-0.219238,-0.782227,0.0517578
470269743984,-0.422852,-0.849609,-0.0493164
470269765226,-0.603516,-1.11328,-0.0327148
470269782904,-0.14209,-0.972168,0.34375
470269810186,0.536621,-1.35254,0.365234
470269826484,-0.0834961,-1.63428,0.421387
470269843546,-1.18896,-1.07715,0.459473
470269873075,-1.06982,-0.689453,0.255859
470269885146,-0.231445,-0.48584,0.468262
470269903055,0.205078,-0.53418,0.634766
470269933093,0.567871,-1.08838,0.929688
470269945827,0.329102,-1.81299,0.996582
470269962109,0.0546875,-0.600098,0.914062
470269984711,-0.267578,0.608398,0.564453
470270005775,-0.161133,0.0576172,0.342285
470270022095,0.0488281,-0.770508,0.437012
470270044773,0.128906,-0.994629,0.430176
470270065897,0.0649414,-1.25879,0.340332
470270082295,-0.248047,-0.978516,0.200195
470270104612,-0.555176,-0.871582,0.0126953
470270125857,-0.50293,-0.985352,-0.0268555
470270142184,-0.130859,-1.16162,0.303711
470270164703,0.147949,-1.40479,0.272949
470270185689,-0.414551,-1.30127,0.374023
470270202060,-0.975586,-0.95459,0.5625
470270224632,-0.466797,-1.04395,0.63916
470270246187,0.0449219,-1.12939,0.385254
470270262162,0.165527,-1.18066,0.822754
470270284614,0.25293,-1.0708,0.826172
470270305846,0.090332,0.413086,0.657715
470270322143,-0.334961,0.236816,0.42041
470270344665,-0.0375977,-0.611328,0.335938
470270365799,0.122559,-0.969238,0.248047
470270382094,-0.145508,-1.33447,0.209961
470270404611,-0.444824,-1.17285,0.105469
470270425791,-0.587402,-1.12012,-0.012207
470270442067,-0.520508,-1.28418,-0.115723
470270464673,-0.155762,-1.48828,-0.0136719
470270485810,-0.262695,-1.19922,0.226074
470270501468,-0.638184,-0.972656,0.34668
470270525333,-0.69873,-0.645508,0.407227
470270553283,-0.299316,-0.418457,0.498047
470270561456,0.255859,-0.254883,0.570312
470270584726,0.478027,-0.105469,0.592285
470270605732,0.312988,-0.349121,0.575684
470270621466,0.234375,-0.919434,0.533203
470270644543,0.344727,-1.37061,0.542969
470270665740,0.656738,-1.2959,0.553223
470270688346,0.591797,-0.824707,0.60498
470270704564,0.47998,-0.508789,0.617676
470270727209,0.614746,-0.434082,0.652832
470270748295,0.708008,-0.417969,0.686035
470270772260,0.687988,-0.469238,0.641602
470270787129,0.692871,-0.428711,0.622559
470270809591,0.700195,-0.479492,0.607422
470270824985,0.725586,-0.347168,0.561035
470270847126,0.728516,-0.242188,0.523926
470270868125,0.697266,-0.221191,0.528809
470270884668,0.750977,-0.304199,0.627441
470270907092,0.746094,-0.301758,0.729004
470270928213,0.694824,-0.298828,0.665527
470270944625,0.724121,-0.441895,0.655273
470270967117,0.802246,-0.36377,0.709473
470270988226,0.782227,-0.17334,0.629883
470271004561,0.924805,-0.0268555,0.522461
470271027137,0.969238,-0.247559,0.898926
470271049651,0.678711,-0.468262,0.84082
470271064479,0.670898,-0.522949,0.650391
470271087187,0.677246,-0.654297,0.539062
470271108227,0.669922,-0.58252,0.552246
470271124703,0.605469,-0.391113,0.585449
470271147079,0.578613,-0.333008,0.573242
470271169625,0.568848,-0.449707,0.575195
470271184534,0.566895,-0.562012,0.576172
470271207174,0.592285,-0.536621,0.537109
470271228257,0.596191,-0.487305,0.5
470271244521,0.63623,-0.475098,0.522949
470271267269,0.656738,-0.47168,0.573242
470271288264,0.614746,-0.546875,0.564453
470271304972,0.559082,-0.552246,0.512207
470271327560,0.561523,-0.623535,0.515137
470271348172,0.588867,-0.649902,0.581543
470271364382,0.516113,-0.632812,0.672363
470271387571,0.431152,-0.666504,0.657227
470271408228,0.45459,-0.700684,0.607422
470271423914,0.470703,-0.72998,0.621582
470271447032,0.402832,-0.778809,0.654297
470271469604,0.319336,-0.828613,0.633301
470271483923,0.353516,-0.909668,0.546875
470271514617,0.385742,-0.96875,0.474609
470271532548,0.474121,-0.898438,0.460938
470271545164,0.55127,-0.814453,0.524902
470271565647,0.508301,-0.585449,0.577637
470271580799,0.0244141,-0.613281,0.169922
470271603211,-0.0166016,-0.770508,0.461426
470271625692,0.98291,-0.491699,0.882812
470271640715,0.37793,-0.860352,-0.00244141
470271664626,-0.0849609,-1.13184,-0.291992
470271685616,-0.257812,-1.19092,-0.105469
470271700720,0.00292969,-1.07129,0.590332
470271723171,-0.186523,-0.862793,0.471191
470271747027,0.298828,-0.60498,0.516113
470271760757,0.464844,-0.586426,0.539062
470271783153,0.463379,-0.662598,0.54248
470271813743,0.552734,-0.693359,0.550293
470271820667,0.552246,-0.62207,0.577148
470271843143,0.495605,-0.525391,0.678223
470271859395,1.02539,-0.4375,1.02539
470271880572,0.765625,-0.637207,1.13965
470271903104,0.0390625,-0.849609,0.515625
470271920300,0.379883,-0.772949,0.51709
470271942526,0.300293,-0.794922,0.454102
470271963080,0.216797,-0.975098,0.428711
470271978849,0.358398,-1.27002,0.352539
470272002150,0.462891,-1.41504,0.602539
470272023203,0.421387,-1.22363,0.556641
470272038917,0.387207,-0.840332,0.445312
470272069550,0.435547,-0.385254,0.51709
470272090741,0.48877,-0.164062,0.533691
470272099027,0.561035,-0.0512695,0.627441
470272122075,0.492188,-0.224121,0.605469
470272143066,0.429199,-0.561523,0.408203
470272159048,0.414062,-0.852539,0.445801
470272182127,0.286133,-0.970215,0.472656
470272203176,0.15625,-0.98584,0.397949
470272218937,0.121582,-1.0249,0.362793
470272242012,0.189453,-1.12256,0.314941
470272263154,0.422363,-1.22607,0.369141
470272278890,0.348145,-1.18457,0.540527
470272302070,0.181641,-0.972168,0.624023
470272324547,0.165527,-0.745117,0.628418
470272347155,0.177246,-0.582031,0.55957
470272362053,0.230957,-0.521973,0.619141
470272383185,0.320312,-0.51123,0.643555
470272398955,0.449707,-0.48291,0.705566
470272436979,0.5,-0.37793,0.789551
470272450658,0.421387,-0.302246,0.700684
470272474619,0.465332,-0.354492,0.633301
470272495717,0.530762,-0.45166,0.63623
470272510695,0.529785,-0.527832,0.63916
470272534641,0.484375,-0.578125,0.598633
470272555664,0.45166,-0.601074,0.583984
470272578173,0.432617,-0.622559,0.586426
470272586475,0.381836,-0.661133,0.520508
470272609644,0.331543,-0.667969,0.427734
470272632205,0.342773,-0.797363,0.304688
470272653201,0.407227,-0.918457,0.356445
470272669546,0.34082,-1.13721,0.418945
470272692489,0.250977,-1.32617,0.495605
470272714660,0.221191,-1.37451,0.598633
470272729518,0.272949,-1.13721,0.598633
470272752060,0.279785,-0.996094,0.525391
470272774552,0.29248,-0.853027,0.502441
470272789512,0.37207,-0.671875,0.385254
470272812021,0.446777,-0.654297,0.429199
470272834646,0.570312,-0.564453,0.587891
470272857128,0.700684,-0.380371,0.639648
470272872117,0.647949,-0.302734,0.618164
470272893180,0.640137,-0.23877,0.61084
470272909560,0.609863,-0.393555,0.66748
470272932091,0.577637,-0.580566,0.699707
470272953196,0.597656,-0.634766,0.695801
470272969573,0.611816,-0.569824,0.640625
470272991996,0.63623,-0.475586,0.598633
470273013017,0.649902,-0.411133,0.575195
470273029905,0.647949,-0.412109,0.567383
470273051961,0.668457,-0.386719,0.556152
470273073158,0.678711,-0.351074,0.546875
470273089467,0.683105,-0.32666,0.533203
470273112525,0.709961,-0.349609,0.54834
470273133032,0.70459,-0.379395,0.543945
470273148938,0.758789,-0.365723,0.61377
470273171912,0.911133,-0.451172,0.785156
470273193099,0.76416,-0.21875,0.0878906
470273209483,0.516602,-0.158691,-0.0839844
470273232065,0.896973,-0.0444336,0.0986328
470273253103,1.41992,0.00146484,0.540527
470273268779,1.52002,0.0678711,0.969238
470273292007,0.592285,-0.449707,0.924805
470273313118,-0.157227,-0.686035,0.355957
470273328888,0.822754,-0.351074,0.034668
470273352053,1.54053,-0.294922,0.901855
470273372991,0.0463867,-0.623535,0.797852
470273388912,0.660156,-0.395508,0.185547
470273411968,1.23291,-0.51123,1.0874
470273435889,-0.267578,-0.804688,0.546875
470273448930,0.341309,-0.605957,0.354492
470273479436,0.467285,-0.516113,0.668945
470273492956,0.516113,-0.575684,0.725098
470273508777,0.473145,-0.541992,0.673828
470273532020,0.46582,-0.564941,0.659668
470273553118,0.472656,-0.590332,0.655273
470273568783,0.481445,-0.63916,0.672852
470273591890,0.490723,-0.641113,0.696777
470273614410,0.469238,-0.620605,0.69873
470273628936,0.456055,-0.631348,0.716797
470273652084,0.458008,-0.635742,0.710449
470273674441,0.481445,-0.567383,0.668945
470273695609,0.462402,-0.480957,0.496094
470273712054,0.395508,-0.592773,0.415039
470273734516,0.437988,-0.717285,0.335938
470273756907,0.448242,-0.859375,0.311035
470273779654,0.305176,-0.987793,0.376953
470273800644,0.135254,-0.958984,0.367188
470273815622,0.0888672,-0.903809,0.385742
470273832071,0.0483398,-0.927246,0.357422
470273860577,-0.0849609,-0.994629,0.381348
470273876170,-0.298828,-1.24707,0.241211
470273892089,-0.175293,-1.40576,0.208496
470273922063,-0.151855,-1.68457,0.239746
470273935672,-0.163086,-1.42188,0.155273
470273951997,0.0703125,-1.11377,0.11377
470273974604,0.126465,-0.762695,0.0834961
470273995563,-0.0522461,-0.840332,0.0644531
470274011904,-0.0878906,-1.04541,0.181152
470274034521,-0.101562,-1.06836,0.148438
470274057039,-0.0991211,-1.12256,0.252441
470274072038,0.167969,-0.981934,0.422852
470274094485,0.394043,-1.02686,0.470215
470274115594,0.0717773,-0.849121,0.57666
470274122452,-0.333496,-0.696289,0.744629
470274138876,-0.501465,-0.715332,0.739746
470274162927,-0.827148,-0.713379,0.539062
470274182346,-0.98584,-0.952637,0.34375
470274197463,-0.664551,-1.3335,0.237793
470274220006,-0.1875,-1.48926,0.162598
470274245236,0.200684,-1.1499,0.200684
470274257401,0.171387,-0.685547,0.295898
470274279795,0.0571289,-0.425781,0.408203
470274302419,0.0126953,-0.329102,0.560059
470274317391,-0.0620117,-0.311523,0.512695
470274339832,-0.0239258,-0.427246,0.352051
470274362493,-0.0566406,-0.547363,0.196777
470274380270,-0.289062,-0.740234,0.13623
470274399877,-0.517578,-0.973633,0.0966797
470274422488,-0.562988,-1.0083,0.200684
470274438875,-0.548828,-1.00098,0.291016
470274459780,-0.362793,-0.92334,0.560059
470274482457,-0.0146484,-0.842285,0.574219
470274500313,0.141602,-0.740234,0.520508
470274519906,-0.269043,-0.817871,0.422852
470274545388,-0.592285,-1.00732,0.523438
470274557437,-0.486816,-1.28467,0.313965
470274579901,-0.394043,-1.28857,-0.0751953
470274602296,-0.381348,-1.21973,-0.29248
470274617437,-0.289062,-1.27832,-0.282715
470274639939,-0.293457,-1.24902,-0.126465
470274662351,-0.366699,-1.21094,0.0532227
470274677447,-0.396973,-1.17285,0.171875
470274699950,-0.338379,-1.1001,0.267578
470274722351,-0.242676,-1.08887,0.354492
470274737416,-0.236328,-1.04688,0.44873
470274759812,-0.529785,-1.03125,0.487305
470274782437,-0.825684,-1.02051,0.356934
470274797449,-0.902832,-1.06006,0.151367
470274819717,-0.721191,-1.16064,0.0224609
470274845207,-0.568848,-1.15137,0.0253906
470274864798,-0.404785,-0.898438,0.0849609
470274887456,-0.316406,-0.639648,0.316406
470274911279,-0.277344,-0.550293,0.459473
470274917408,-0.0683594,-0.401855,0.583984
470274939921,0.36084,-0.148438,0.686035
470274962320,0.496094,0.119629,0.725586
470274978910,0.0683594,0.0541992,0.577148
470274999988,-0.262207,-0.197266,0.4375
470275030601,-0.227051,-0.535156,0.241211
470275038957,-0.180176,-0.878906,0.165527
470275059843,-0.26416,-1.13818,0.0766602
470275082353,-0.553223,-1.13525,0.124023
470275098741,-0.682129,-0.862793,0.281738
470275122686,-0.51123,-0.733887,0.502441
470275142417,-0.131348,-0.82666,0.624512
470275166357,0.120605,-0.655762,0.494141
470275187367,0.0493164,-0.770996,0.395996
470275210611,-0.546387,-1.04492,0.539551
470275218800,-0.812988,-1.28271,0.402344
470275247398,-0.699219,-1.38525,0.193359
470275262409,-0.717773,-1.25635,-0.0830078
470275280282,-0.71582,-1.33984,-0.274902
470275299740,-0.567871,-1.42041,-0.273438
470275322387,-0.483398,-1.43262,-0.158203
470275340404,-0.381348,-1.48633,-0.043457
470275359901,-0.373047,-1.43994,0.078125
470275382394,-0.431152,-1.36914,0.117188
470275400338,-0.571777,-1.14551,0.167969
470275419963,-0.577148,-1.08398,0.187988
470275442399,-0.492676,-1.00049,0.205566
470275460345,-0.64502,-0.779297,0.192383
470275479919,-0.803223,-0.635254,0.17334
470275502282,-0.646484,-0.572754,0.105957
470275520250,-0.570801,-0.51123,0.100586
470275548076,-0.696289,-0.484863,0.0708008
470275571254,-0.752441,-0.218262,0.251465
470275585548,-0.634766,-0.219727,0.0644531
470275599918,-0.753418,-0.203613,0.059082
470275622462,-0.533203,0.142578,-0.0327148
470275637419,-0.482422,0.116211,-0.164551
470275659928,-0.641602,-0.0625,-0.0947266
470275682339,-0.583984,-0.0913086,-0.106934
470275705582,-0.538574,-0.167969,-0.0908203
470275719897,-0.608398,-0.21582,-0.0927734
470275742369,-0.686523,-0.272949,-0.0629883
470275757382,-0.674805,-0.365723,-0.0126953
470275784779,-0.61084,-0.432617,0.0239258
470275803051,-0.358398,-0.334473,-0.188477
470275825353,-1.16016,-0.87793,0.000488281
470275840355,-0.467285,-0.506348,-0.27002
470275862876,-1.42676,-0.961426,-0.86084
470275877250,-1.21143,-1.15039,-0.0551758
470275900537,-0.539551,-1.06299,0.678711
470275916260,-0.168945,-0.916016,0.606934
470275937236,-0.324707,-0.820312,-0.158203
470275960375,-0.496582,-0.973145,-0.947754
470275976240,0.478027,-1.66406,-0.927246
470275997242,0.475586,-1.44043,-0.106445
470276021834,0.591309,-1.23682,0.678711
470276044302,0.687012,-1.17041,0.495117
470276057261,-0.00292969,-1.53613,-0.44873
470276080359,-0.908203,-1.79639,-1.02344
470276102851,-1.18701,-1.96973,-0.788086
470276117244,-0.751465,-1.71777,-0.0610352
470276141139,-0.0449219,-1.27393,0.539062
470276164296,0.250977,-0.93457,0.532227
470276177237,0.109375,-0.754395,-0.0180664
470276199699,-0.476074,-0.755371,-0.76416
470276216257,-1.01709,-0.821289,-0.916992
470276237227,-1.17041,-0.863281,-0.449219
470276260397,-0.840332,-0.665527,0.290527
470276276164,-0.0786133,-0.35498,0.608398
470276298676,-1.09814,-0.383789,-0.230957
470276319655,-0.67334,-0.217285,-0.0449219
470276336119,-0.571289,-0.158691,-0.0429688
470276358643,-0.573242,-0.174316,-0.0249023
470276381229,-0.532715,-0.109375,-0.019043
470276396121,-0.516113,-0.0400391,-0.0429688
470276418670,-0.656738,0.0234375,-0.0405273
470276439737,-0.650879,-0.0600586,0.184082
470276462861,-0.300293,0.160156,-0.043457
470276486838,-1.2085,-0.42334,0.265625
470276507885,-0.382812,-0.144531,0.0527344
470276516378,-1.3335,-0.434082,-0.462402
470276538824,-1.69238,-0.721191,-0.518066
470276559768,-1.48828,-0.908691,-0.326172
470276577837,-1.07715,-0.961914,-0.0527344
470276598791,-0.565918,-0.910156,0.15918
470276619887,-0.104004,-0.855469,0.296387
470276636402,0.0874023,-0.770996,0.324219
470276658792,0.175781,-0.727539,0.185547
470276679844,0.208496,-0.711426,-0.0673828
470276696217,0.375,-0.745605,-0.463867
470276719236,0.385742,-1.06396,-0.751465
470276741333,0.561035,-1.12207,-0.168457
470276763713,0.361816,-1.05273,-0.222656
470276786258,0.158203,-1.13721,-0.310547
470276799722,-0.0673828,-1.28809,-0.349609
470276816314,-0.17627,-1.36768,-0.30957
470276838643,-0.189453,-1.42041,-0.174316
470276859829,-0.158203,-1.41504,-0.0600586
470276878301,0.0375977,-1.31152,0.0595703
470276898774,-0.0556641,-1.25293,0.135742
470276919855,-0.15625,-1.28711,0.419922
470276936404,-0.137695,-1.2417,0.567871
470276958722,-0.157227,-1.03271,0.5
470276979820,-0.316895,-0.786621,0.333496
470276996269,-0.427246,-0.584473,0.186523
470277018777,-0.392578,-0.685547,0.301758
470277042735,-0.347656,-0.973633,0.475098
470277062175,-0.21875,-0.877441,0.36377
470277086223,-0.268066,-0.773438,0.453125
470277099822,-0.270508,-0.681152,0.504395
470277116291,-0.0244141,-0.515137,0.61084
470277138647,0.356445,-0.32373,0.738281
470277159791,0.46582,-0.112305,0.826172
470277176258,0.0800781,-0.0317383,0.73584
470277198780,-0.263672,-0.211914,0.608398
470277219843,-0.285645,-0.504883,0.553711
470277235468,-0.137207,-0.949707,0.328125
470277257997,-0.129883,-1.26514,0.22168
470277280456,-0.362793,-1.31104,0.265625
470277295467,-0.569336,-1.10791,0.26416
470277317975,-0.553223,-0.921387,0.314453
470277340386,-0.269531,-0.962891,0.453125
470277355397,-0.0795898,-0.918945,0.479492
470277378358,-0.0888672,-0.777832,0.443848
470277400504,-0.242188,-0.852051,0.158203
470277416924,-0.367188,-0.975586,0.0493164
470277437972,-0.400879,-1.13232,0.0273438
470277460158,-0.276855,-1.18359,-0.0336914
470277476881,-0.166992,-1.13477,-0.139648
470277498074,-0.216797,-1.04443,-0.231445
470277528027,-0.14209,-1.08203,-0.246094
470277537036,-0.109375,-1.14844,-0.218262
470277557909,-0.232422,-1.22168,-0.172852
470277580464,-0.296875,-1.23975,-0.0473633
470277596947,-0.297363,-1.24707,0.0454102
470277617965,-0.207031,-1.22314,0.13916
470277640339,-0.104492,-1.13428,0.245605
470277657586,-0.118164,-1.01758,0.358398
470277677955,-0.272949,-0.94043,0.490234
470277700530,-0.374512,-0.85791,0.526855
470277716996,-0.46875,-0.750488,0.491699
470277737943,-0.642578,-0.710449,0.349121
470277760188,-0.73584,-0.862793,0.23584
470277776807,-0.53125,-1.00244,0.141602
470277797878,-0.203125,-0.995117,0.208496
470277820494,0.0263672,-0.776855,0.325684
470277836858,0.239258,-0.504883,0.521484
470277857939,0.209473,-0.34375,0.64502
470277880468,-0.210938,-0.319336,0.632812
470277896796,-0.454102,-0.437012,0.557617
470277918006,-0.30127,-0.540527,0.58252
470277940327,-0.0732422,-0.787109,0.444336
470277962974,-0.046875,-0.991211,0.240723
470277977879,-0.216309,-1.14795,0.125488
470278000429,-0.406738,-1.26562,0.0375977
470278024396,-0.51709,-1.15381,0.138672
470278037685,-0.576172,-1.0625,0.216309
470278060388,-0.552734,-0.973145,0.397949
470278076880,-0.25,-0.859375,0.541504
470278097915,0.0273438,-0.671387,0.543457
470278120434,0.0263672,-0.652344,0.35791
470278136875,-0.289551,-0.845703,0.117676
470278157904,-0.509766,-1.09277,-0.0292969
470278180374,-0.29541,-1.22852,-0.0161133
470278196858,-0.151855,-1.23291,-0.034668
470278242465,-0.248535,-1.1333,-0.168457
470278243251,-0.0234375,-1.12549,-0.225098
470278262837,0.0268555,-1.29639,-0.233398
470278279375,-0.0610352,-1.45312,-0.202637
470278301205,-0.00976562,-1.43799,-0.0883789
470278317679,0.015625,-1.27588,-0.0922852
470278337984,-0.109863,-1.12891,0.012207
470278360400,-0.612793,-1.20996,-0.00732422
470278376163,-0.57666,-1.09229,-0.0625
470278399336,-0.646484,-1.00977,0.00146484
470278420352,-0.625,-0.866211,-0.0151367
470278436224,-0.65625,-0.87207,-0.0483398
470278459302,-0.647949,-0.963379,-0.0727539
470278480393,-0.611816,-0.875977,-0.118652
470278496085,-0.482422,-0.772949,-0.177734
470278519822,-0.422852,-0.456543,-0.150879
470278540353,-0.450684,-0.185059,-0.078125
470278556150,-0.499512,-0.0883789,-0.0288086
470278579307,-0.486328,0.0810547,0.0532227
470278600405,-0.505859,-0.00976562,0.0742188
470278616133,-0.679199,-0.143066,0.129395
470278639261,-0.849609,-0.252441,0.143066
470278660432,-0.999023,-0.463867,0.0664062
470278676239,-1.03564,-0.700195,-0.0239258
470278699280,-0.999023,-0.93457,-0.120117
470278720407,-1.00195,-1.08447,-0.209961
470278736109,-1.08398,-0.942871,-0.152344
470278759389,-1.02051,-0.632812,-0.0703125
470278780354,-0.738281,-0.410156,0.0888672
470278796186,-0.251953,-0.298828,0.0239258
470278819376,0.124512,-0.654785,-0.273438
470278840292,-0.350098,-0.953613,-0.157715
470278856067,-0.620605,-1.15771,-0.0922852
470278879755,-0.409668,-0.849609,-0.0981445
470278900361,-0.466797,-0.992188,-0.136719
470278916191,-0.774414,-1.02734,-0.090332
470278939260,-0.867676,-1.11475,-0.0478516
470278960373,-0.667969,-1.19678,-0.0986328
470278976117,-0.538086,-1.16357,-0.151367
470278999273,-0.681641,-1.10205,-0.154297
470279020398,-0.796875,-1.0498,-0.134277
470279036170,-0.778809,-1.00342,-0.0732422
470279059383,-0.772949,-0.875,-0.0756836
470279080365,-0.887695,-0.767578,-0.0454102
470279096183,-1.01855,-0.723633,-0.0678711
470279119372,-0.983398,-0.797363,-0.065918
470279140261,-0.816406,-0.796875,0
470279156057,-0.666504,-0.672363,0.0268555
470279179392,-0.651855,-0.504883,0
470279200375,-0.634766,-0.443848,-0.0302734
470279216106,-0.479004,-0.434082,-0.0327148
470279239271,-0.470215,-0.326172,-0.0258789
470279260402,-0.553711,-0.199219,0
470279276140,-0.550781,-0.105957,0.00634766
470279305402,-0.607422,-0.151367,0.0302734
470279320445,-0.668457,-0.199219,0.0634766
470279336084,-0.771973,-0.336914,0.0512695
470279358671,-0.787598,-0.422363,0.046875
470279381914,-0.854492,-0.575195,-0.0166016
470279396205,-1.01465,-0.747559,-0.146973
470279418595,-1.00977,-0.842285,-0.140137
470279441786,-0.952148,-0.881836,-0.184082
470279462880,-0.933105,-0.773438,-0.134277
470279478728,-0.981934,-0.781738,-0.0698242
470279501920,-0.916504,-0.590332,-0.00927734
470279522779,-0.533203,-0.473633,0.046875
470279538593,-0.388672,-0.538086,-0.164062
470279561709,-0.347168,-0.704102,-0.379883
470279582808,-0.326172,-0.935059,-0.259766
470279598703,-0.298828,-1.02441,-0.189453
470279621778,-0.223633,-1.01758,-0.164062
470279642835,-0.146973,-1.00928,0.0976562
470279688553,0.0834961,-1.32715,0.179199
470279689361,0.192383,-1.44727,0.141113
470279704071,-0.0395508,-1.33838,0.187988
470279725382,-0.475098,-1.146,0.361816
470279749402,-0.428223,-1.24854,0.540039
470279763518,-0.369629,-1.17529,0.570312
470279778692,-0.422363,-0.871094,0.682617
470279801885,-0.619141,-0.530762,0.686035
470279822871,-0.765137,-0.449219,0.544922
470279838556,-0.900879,-0.613281,0.425781
470279861847,-0.92627,-0.910645,0.283203
470279884399,-0.679688,-1.03223,0.274414
470279898629,-0.382324,-0.989746,0.305176
470279929365,-0.200684,-0.861328,0.316406
470279942840,0.0986328,-0.650879,0.45166
470279966747,0.366211,-0.43457,0.65625
470279983126,0.235352,-0.318359,0.726074
470280002800,-0.0102539,-0.259277,0.682129
470280018606,-0.102051,-0.304199,0.554199
470280041847,-0.103027,-0.427734,0.487305
470280062953,-0.0449219,-0.733887,0.353516
470280078724,-0.0976562,-1.00098,0.303711
470280109183,-0.268555,-1.12988,0.324219
470280122743,-0.381348,-1.12842,0.370605
470280138559,-0.414062,-1.13916,0.365234
470280161661,-0.403809,-1.09229,0.40625
470280184408,-0.324219,-0.914062,0.415039
470280205459,-0.197754,-0.759277,0.30957
470280221025,-0.146484,-0.743164,0.295898
470280244746,-0.119629,-0.813965,0.189941
470280266728,-0.11084,-1.00342,0.157227
470280280939,-0.179688,-1.19141,0.122559
470280304203,-0.222168,-1.23438,0.186523
470280318676,-0.188965,-1.24902,0.186523
470280332195,-0.333008,-1.27588,0.144531
470280370395,-0.334473,-1.25684,0.136719
470280394394,-0.217773,-1.2583,0.123535
470280408341,-0.207031,-1.24707,0.186523
470280416094,-0.23584,-1.2085,0.328613
470280437818,-0.145508,-1.20801,0.604004
470280460497,-0.202637,-1.06934,0.592285
470280483499,-0.300781,-0.888184,0.512695
470280497742,-0.383301,-0.754883,0.422852
470280512243,-0.272949,-0.75293,0.458496
470280534675,-0.305664,-0.890137,0.404297
470280557574,-0.491211,-0.955078,0.224121
470280572127,-0.224609,-0.748535,0.299316
470280594521,0.347168,-0.48584,0.354004
470280617855,0.448242,-0.352051,0.296387
470280632022,-0.0947266,-0.63916,0.341797
470280654545,-0.524902,-1.05908,0.288086
470280677729,-0.476074,-1.16748,0.306152
470280693615,-0.246582,-1.1416,0.591797
470280714652,-0.0537109,-0.914062,0.676758
470280737842,0.439453,-0.367676,0.807129
470280760301,0.722168,0.170898,1.0791
470280774570,0.118164,0.0629883,1.06934
470280797736,-0.156738,-0.293945,0.649902
470280812161,-0.156738,-0.635254,0.311523
470280834649,-0.0078125,-1.0708,0.289551
470280857803,-0.145508,-1.68164,0.146484
470280880331,-0.368164,-1.99854,0.171387
470280903420,-0.457031,-2.16846,0.175293
470280925965,-0.106445,-0.997559,0.319336
470280932187,0.155762,-0.362305,0.463867
470280954653,0.15625,0.161133,0.803223
470280977776,0.150391,0.291992,0.952637
470280992155,0.141113,-0.0854492,0.703125
470281014649,-0.163574,-0.730469,0.268066
470281037800,-0.271973,-0.999512,0.0214844
470281052167,-0.288574,-1.76807,0.334961
470281074597,-0.263184,-2.1543,0.492676
470281097823,0.0244141,-1.42529,0.425293
470281112175,0.14209,-0.620605,0.762207
470281136064,0.0981445,0.234863,0.643555
470281157058,-0.177246,0.243164,0.409668
470281172232,-0.421387,-0.276367,0.147461
470281194646,-0.290527,-1.07471,0.342285
470281225972,0.0771484,-1.86328,0.626953
470281249326,0.219727,-1.91504,0.638672
470281264304,0.0268555,-0.901367,0.561523
470281285196,-0.0654297,-0.109375,0.411133
470281301755,-0.249023,0.131348,0.400391
470281316190,-0.272461,-0.409668,0.534668
470281337201,-0.211914,-0.79834,0.252441
470281352215,0.216309,-1.20752,0.633789
470281374547,0.169434,-1.38184,0.424316
470281397181,-0.0571289,-1.10498,0.417969
470281412049,-0.128418,-0.739746,0.452148
470281436000,-0.090332,-0.553711,0.513672
470281458513,0.00878906,-0.515625,0.550293
470281472198,0.0751953,-0.533203,0.577148
470281494549,0.128906,-0.59668,0.657227
470281517157,0.224121,-0.639648,0.725098
470281532098,0.305664,-0.612305,0.717285
470281554618,0.336914,-0.565918,0.695312
470281577152,0.321777,-0.553711,0.753906
470281593470,0.314453,-0.60791,0.769043
470281614560,0.444336,-0.703125,0.78125
470281637210,0.567871,-0.705078,0.80127
470281652216,0.55957,-0.580078,0.820312
470281674529,0.501465,-0.453613,0.848145
470281697160,0.503906,-0.456543,0.814941
470281712110,0.618164,-0.493652,0.76123
470281734574,0.72168,-0.60791,0.833496
470281757036,0.733398,-0.533203,0.797363
470281772199,0.71875,-0.334473,0.883301
470281794675,0.728027,-0.213867,0.677246
470281817146,0.748535,-0.357422,0.746582
470281832227,0.678711,-0.545898,0.763184
470281854647,0.609375,-0.411621,0.623047
470281877157,0.655762,-0.37207,0.624023
470281892033,0.657227,-0.472168,0.679199
470281914544,0.632812,-0.458984,0.648438
470281937157,0.628906,-0.409668,0.595703
470281952192,0.649414,-0.423828,0.592285
470281974500,0.638184,-0.480957,0.59668
470281997188,0.619629,-0.469238,0.569336
470282011990,0.619629,-0.472168,0.513672
470282034590,0.65918,-0.453125,0.531738
470282057010,0.657715,-0.387695,0.504395
470282080362,0.692383,-0.334473,0.475586
470282094519,0.722656,-0.321289,0.48584
470282125188,0.759277,-0.274902,0.489258
470282133505,0.826172,-0.217285,0.421387
470282154625,0.839355,-0.244141,0.531738
470282185271,0.794434,-0.262695,0.530273
470282193518,0.787598,-0.242188,0.479492
470282214493,0.791992,-0.243652,0.527344
470282237113,0.761719,-0.294922,0.558105
470282253494,0.74707,-0.292969,0.587891
470282274571,0.734375,-0.280762,0.600098
470282297088,0.710938,-0.300781,0.602051
470282313516,0.713379,-0.318359,0.619141
470282334431,0.984375,-0.276367,0.607422
470282356996,1.04736,-0.242676,0.515625
470282373520,0.751465,-0.255371,0.57959
470282394501,0.623535,-0.270996,0.639648
470282417049,0.574707,-0.42334,0.70752
470282433554,0.564453,-0.40918,0.755859
470282454432,0.554199,-0.373535,0.782227
470282485215,0.499023,-0.34375,0.742188
470282493625,0.503418,-0.224121,0.743164
470282514587,0.572266,-0.14502,0.773438
470282537096,0.553223,-0.116211,0.785645
470282553482,0.501953,-0.175781,0.835449
470282574614,0.414062,-0.344727,0.834961
470282597130,0.403809,-0.478027,0.842773
470282613591,0.438965,-0.374512,0.877441
470282634565,0.481934,-0.256836,0.862793
470282658386,0.438965,-0.166992,0.87793
470282673533,0.44043,-0.193848,0.890137
470282694429,0.383789,-0.226074,0.91748
470282717077,0.396973,-0.234863,0.980469
470282733551,0.459961,-0.3125,0.97998
470282754582,0.383789,-0.478027,0.994629
470282786800,0.290039,-0.557617,0.995605
470282794921,0.239746,-0.547852,0.92041
470282822837,0.245605,-0.484375,0.888184
470282837110,0.296387,-0.505371,0.874023
470282853520,0.228516,-0.524414,0.841797
470282874510,0.208496,-0.441895,0.776367
470282897078,0.222656,-0.396484,0.741211
470282915058,0.242676,-0.535156,0.729004
470282934464,0.240723,-0.484375,0.716797
470282982951,0.260742,-0.38916,0.661621
470282983938,0.246582,-0.390137,0.708496
470282994555,0.446777,-0.568848,0.886719
470283016991,0.291504,-0.488281,0.817871
470283034113,0.239746,-0.35791,0.845215
470283064198,0.256836,-0.401367,0.869141
470283092607,0.224121,-0.602539,0.911133
470283116467,0.131348,-0.590332,0.905273
470283122760,0.113281,-0.506348,0.941895
470283146717,0.130371,-0.491699,0.991211
470283169157,0.119629,-0.427734,0.970703
470283190877,0.0839844,-0.412109,0.945801
470283197752,0.0351562,-0.400879,0.933105
470283214986,0.0449219,-0.449219,0.932129
470283237531,0.0527344,-0.438477,0.890137
470283256924,0.0551758,-0.458984,0.857422
470283273515,0.0527344,-0.544434,0.846191
470283295972,0.0488281,-0.561523,0.884277
470283317081,0.034668,-0.537109,0.864746
470283333525,-0.00195312,-0.470215,0.920898
470283356008,-0.0527344,-0.491699,0.912598
470283377015,-0.119629,-0.510742,0.921387
470283393546,-0.168457,-0.513672,0.952637
470283416089,-0.174805,-0.481934,0.947754
470283437663,-0.135742,-0.49707,0.963379
470283452688,-0.114258,-0.504883,0.934082
470283505907,-0.0878906,-0.51123,0.921387
470283506609,-0.0805664,-0.491211,0.909668
470283514151,-0.0947266,-0.482422,0.898926
470283550198,-0.0766602,-0.491211,0.930176
470283572683,-0.174316,-0.499512,0.813965
470283581674,-0.253906,-0.394531,0.6875
470283602658,0.0356445,-0.404785,0.862305
470283617620,-0.394043,-0.671875,0.967773
470283634106,0.13916,-0.481934,1.00977
470283655293,0.0375977,-0.433105,0.620605
470283679105,-0.122559,-0.484863,0.82373
470283692582,-0.0922852,-0.533203,0.869141
470283715155,-0.102051,-0.533203,0.858398
470283730947,-0.0952148,-0.556152,0.871094
470283752599,-0.117188,-0.558594,0.874512
470283775116,-0.180176,-0.495605,0.880371
470283797725,-0.151367,-0.455566,0.895996
470283814049,-0.138184,-0.493164,0.910645
470283835230,-0.12793,-0.523438,0.902832
470283857795,-0.0566406,-0.543457,0.89502
470283874056,-0.0351562,-0.598633,0.874512
470283895205,-0.097168,-0.623535,0.860352
470283917694,-0.144531,-0.562012,0.847168
470283934179,-0.13916,-0.553711,0.864258
470283955272,-0.14209,-0.546387,0.849121
470283978969,-0.163086,-0.566895,0.883789
470283992594,-0.174805,-0.568848,0.862305
470284022657,-0.169434,-0.585449,0.83252
470284031025,-0.166504,-0.607422,0.828125
470284054021,-0.150879,-0.585938,0.794434
470284075111,-0.13623,-0.564453,0.80127
470284097754,-0.144043,-0.54834,0.790039
470284114126,-0.132324,-0.580566,0.793457
470284135187,-0.105469,-0.597168,0.78125
470284157687,-0.15332,-0.599121,0.725098
470284174056,-0.104492,-0.566406,0.719238
470284195119,0.0219727,-0.632324,0.748047
470284210952,-0.0644531,-0.55127,0.763672
470284234083,-0.0756836,-0.567871,0.822266
470284255193,-0.0737305,-0.538574,0.879883
470284270923,-0.0639648,-0.547852,0.930176
470284294160,-0.0576172,-0.475098,0.876465
470284315079,-0.0800781,-0.475586,0.914062
470284330971,-0.108398,-0.539551,0.901367
470284354072,-0.123535,-0.578613,0.907227
470284375104,-0.125,-0.551758,0.88916
470284390966,-0.116211,-0.541016,0.879395
470284414112,-0.108398,-0.510254,0.866211
470284435168,-0.124023,-0.550781,0.860352
470284450972,-0.134277,-0.557129,0.847168
470284474031,-0.137207,-0.549316,0.842773
470284495115,-0.14502,-0.547363,0.828613
470284510888,-0.148926,-0.57666,0.81543
470284534005,-0.15332,-0.59375,0.81543
470284555848,-0.155762,-0.619141,0.790039
470284570953,-0.14502,-0.556152,0.823242
470284594011,-0.14502,-0.574707,0.818848
470284615246,-0.162109,-0.603516,0.824219
470284630986,-0.181641,-0.640137,0.811035
470284654095,-0.15918,-0.603516,0.791504
470284675210,-0.13916,-0.591797,0.784668
470284690932,-0.120117,-0.598145,0.803223
470284714157,-0.130859,-0.587891,0.826172
470284735098,-0.15625,-0.577148,0.835449
470284751041,-0.186035,-0.58252,0.844238
470284774005,-0.160645,-0.551758,0.83252
470284795062,-0.178711,-0.55127,0.841797
470284810992,-0.163086,-0.556641,0.835938
470284834074,-0.151367,-0.576172,0.842773
470284855103,-0.134277,-0.575684,0.857422
470284870903,-0.143066,-0.548828,0.843262
470284894049,-0.149414,-0.567871,0.833496
470284915016,-0.177734,-0.584961,0.828125
470284930955,-0.182129,-0.583008,0.82373
470284953462,-0.180664,-0.580566,0.831055
470284975034,-0.174805,-0.590332,0.834473
470284990975,-0.178711,-0.576172,0.835938
470285013391,-0.185547,-0.572266,0.833984
470285043987,-0.189941,-0.575195,0.82373
470285050950,-0.187988,-0.57373,0.82373
470285074869,-0.174805,-0.576172,0.825195
470285096552,-0.179688,-0.574219,0.82959
470285110779,-0.1875,-0.575195,0.819824
470285133422,-0.172852,-0.574707,0.848145
470285156556,-0.188477,-0.524414,0.874023
470285170878,-0.176758,-0.541016,0.822266
470285193299,-0.160645,-0.568359,0.834473
470285216607,-0.171875,-0.602051,0.826172
470285262742,-0.183105,-0.584473,0.817383
470285263452,-0.187012,-0.578613,0.805176
470285276471,-0.195312,-0.589844,0.797852
470285298416,-0.228516,-0.613281,0.799805
470285313437,-0.277344,-0.586914,0.762695
470285336628,-0.248047,-0.65332,0.811523
470285350922,-0.194336,-0.621582,0.808594
470285373389,-0.173828,-0.577148,0.802246
470285396618,-0.17334,-0.573242,0.805664
470285410806,-0.168945,-0.590332,0.817871
470285433448,-0.177246,-0.587402,0.810059
470285456567,-0.177246,-0.583496,0.810547
470285477567,-0.186523,-0.583008,0.805176
470285493481,-0.1875,-0.588379,0.804199
470285516510,-0.194336,-0.587891,0.814453
470285539064,-0.196777,-0.586914,0.807129
470285553369,-0.203125,-0.611328,0.81543
470285576511,-0.186523,-0.574707,0.814453
470285597617,-0.190918,-0.57666,0.820801
470285613438,-0.192871,-0.567871,0.823242
470285636521,-0.189453,-0.589844,0.82373
470285665159,-0.197266,-0.57666,0.82373
470285673427,-0.193359,-0.578613,0.818359
470285696642,-0.200195,-0.578125,0.819824
470285717644,-0.204102,-0.581055,0.820312
470285733397,-0.199707,-0.580078,0.81543
470285756556,-0.207031,-0.584961,0.821289
470285777469,-0.196289,-0.585938,0.825195
470285793326,-0.201172,-0.583008,0.818848
470285816631,-0.192871,-0.57666,0.817871
470285844869,-0.1875,-0.56543,0.820801
470285854869,-0.187988,-0.573242,0.815918
470285876470,-0.194336,-0.583496,0.816895
470285899063,-0.197754,-0.586426,0.811523
470285913449,-0.202637,-0.586426,0.813965
470285943936,-0.203125,-0.578125,0.806641
470285965221,-0.204102,-0.59375,0.811523
470285973404,-0.192383,-0.578125,0.816895
470285995848,-0.190918,-0.574707,0.820312
470286018934,-0.196289,-0.569336,0.820312
470286033399,-0.191406,-0.573242,0.818359
470286055735,-0.193848,-0.575195,0.814941
470286078993,-0.202637,-0.583984,0.81543
470286093248,-0.20166,-0.576172,0.819336
470286115853,-0.197266,-0.570801,0.818848
470286139086,-0.195801,-0.572266,0.812988
470286153359,-0.199219,-0.578613,0.820801
470286176235,-0.202148,-0.575684,0.814453
470286199048,-0.199707,-0.578613,0.814453
470286213327,-0.200684,-0.579102,0.820312
470286243979,-0.200684,-0.575195,0.819824
470286264981,-0.193359,-0.568359,0.818848
470286273262,-0.19873,-0.567871,0.818359
470286295760,-0.205078,-0.575684,0.820312
470286318922,-0.207031,-0.585938,0.816406
470286333374,-0.20166,-0.568359,0.815918
470286355876,-0.198242,-0.573242,0.821777
470286378959,-0.196777,-0.572754,0.814453
470286393265,-0.197266,-0.575195,0.820312
470286415938,-0.20752,-0.575195,0.813477
470286439004,-0.20752,-0.575684,0.813965
470286459949,-0.198242,-0.577637,0.81543
470286475933,-0.202148,-0.57666,0.816895
470286498865,-0.200195,-0.577148,0.818848
470286521570,-0.20459,-0.578613,0.824219
470286543141,-0.199219,-0.573242,0.818848
470286549407,-0.198242,-0.569824,0.818848
470286571873,-0.197266,-0.558105,0.820801
470286595120,-0.20459,-0.576172,0.81543
470286609262,-0.210449,-0.57959,0.814453
470286631877,-0.210938,-0.576172,0.822754
470286655073,-0.205566,-0.57666,0.824219
470286669359,-0.20166,-0.573242,0.816895
470286691876,-0.200684,-0.584473,0.818848
470286714960,-0.202637,-0.578125,0.816895
470286729391,-0.205566,-0.572754,0.813477
470286751793,-0.208496,-0.571777,0.815918
470286775046,-0.200684,-0.568848,0.816406
470286798218,-0.206055,-0.572266,0.8125
470286811795,-0.206055,-0.575195,0.813477
470286835058,-0.208008,-0.578125,0.816406
470286849422,-0.208496,-0.578613,0.813965
470286871821,-0.209473,-0.571289,0.815918
470286903101,-0.210938,-0.580566,0.819824
470286909287,-0.212402,-0.575195,0.817383
470286931925,-0.203613,-0.570801,0.819336
470286963106,-0.20752,-0.574219,0.813477
470286969320,-0.206543,-0.58252,0.816406
470286991824,-0.202148,-0.569336,0.817871
470287015020,-0.20752,-0.573242,0.818848
470287029435,-0.235352,-0.574219,0.824219
470287051860,-0.250977,-0.55127,0.834473
470287075078,-0.277344,-0.516602,0.87793
470287089373,-0.262695,-0.486328,0.911621
470287120633,-0.270996,-0.534668,0.963867
470287143137,-0.210449,-0.621094,0.993652
470287149450,-0.234863,-0.753906,0.945312
470287180690,-0.327637,-0.718262,0.90625
470287203282,-0.251465,-0.606445,0.924805
470287209393,-0.216797,-0.636719,0.890625
470287231787,-0.308594,-0.69043,0.896484
470287263234,-0.276367,-0.646973,0.831055
470287269429,-0.249512,-0.623535,0.782715
470287291805,-0.332031,-0.5625,0.734375
470287315035,-0.345215,-0.595215,0.789551
470287329366,-0.297363,-0.60791,0.788086
470287351903,-0.260742,-0.515625,0.780762
470287375094,-0.230469,-0.442871,0.787109
470287389321,-0.187012,-0.48584,0.787598
470287411782,-0.046875,-0.613281,0.804688
470287435005,0.0898438,-0.658691,0.776855
470287457463,0.0102539,-0.503906,0.791504
470287480688,-0.03125,-0.392578,0.861328
470287494901,-0.043457,-0.448242,0.931152
470287509323,-0.0449219,-0.539551,0.939941
470287531801,-0.165527,-0.132812,0.888672
470287555080,-0.251465,-0.233887,0.825195
470287569430,-0.232422,-0.492188,0.806641
470287591882,-0.126953,-0.436035,0.898926
470287614954,-0.0419922,-0.404785,0.84668
470287629251,-0.0776367,-0.368164,0.782715
470287651858,-0.000976562,-0.322266,0.875977
470287675095,-0.03125,-0.344238,0.92334
470287689363,-0.105469,-0.347656,0.90332
470287711760,-0.0927734,-0.338867,0.936523
470287735041,-0.0488281,-0.314941,0.906738
470287749359,-0.0654297,-0.318848,0.908691
470287771940,-0.09375,-0.353516,0.922363
470287794891,-0.0981445,-0.350098,0.921387
470287809280,-0.078125,-0.390137,0.899902
470287839977,-0.0893555,-0.469727,0.97168
470287863291,-0.17041,-0.374023,1.00293
470287869364,-0.231445,-0.252441,0.980957
470287891962,-0.181152,-0.316406,0.974609
470287914364,-0.145996,-0.394531,0.949219
470287929247,-0.125,-0.369141,0.949219
470287951854,-0.0942383,-0.361816,0.891602
470287975777,-0.120605,-0.334473,0.883301
470287989379,-0.12207,-0.377441,0.847168
470288011773,-0.0546875,-0.436523,0.88916
470288034379,-0.0219727,-0.470703,0.87207
470288049308,-0.0600586,-0.428223,0.873047
470288071715,-0.10791,-0.376953,0.871094
470288094369,-0.141602,-0.341309,0.913086
470288109251,-0.143066,-0.381348,1.0127
470288131838,-0.154297,-0.415039,1.09082
470288154347,-0.230957,-0.200195,1.03711
470288169398,-0.208008,-0.266113,0.956055
470288191877,-0.127441,-0.567871,1.01221
470288208311,-0.13623,-0.725586,0.946289
470288229280,-0.239746,-0.361816,0.926758
470288251793,-0.221191,-0.222656,0.855957
470288290049,-0.114258,-0.359863,0.853027
470288313889,-0.105957,-0.46582,0.859863
470288321421,-0.157227,-0.495605,0.864746
470288342441,-0.138184,-0.475586,0.850098
470288359010,-0.167969,-0.468262,0.93457
470288373923,-0.155273,-0.558105,1.08105
470288388328,-0.303711,-0.42041,0.74707
470288409317,0.0698242,-0.334473,1.0127
470288433367,-0.0932617,-0.397949,0.800293
470288448150,-0.115234,-0.415527,0.915039
470288469380,-0.179199,-0.439453,0.921875
470288491857,-0.167969,-0.411621,0.873047
470288514400,-0.126465,-0.455566,0.87207
470288532203,-0.103516,-0.474609,0.891602
470288551856,-0.10791,-0.467285,0.923828
470288568384,-0.122559,-0.435059,0.949707
470288589252,-0.123047,-0.408691,0.964355
470288611764,-0.125488,-0.393066,0.943848
470288628256,-0.128418,-0.421387,0.938477
470288649348,-0.131348,-0.452148,0.934082
470288671823,-0.129883,-0.470215,0.925293
470288688275,-0.124512,-0.461426,0.921875
470288709321,-0.119141,-0.44043,0.906738
470288731860,-0.11377,-0.42334,0.902344
470288770682,-0.103516,-0.421875,0.900391
470288772415,-0.105469,-0.451172,0.898438
470288801403,-0.108398,-0.460938,0.89209
470288815742,-0.0947266,-0.44873,0.873535
470288846433,-0.0854492,-0.469727,0.962402
470288853969,0.0444336,-0.549805,1.07031
470288874889,-0.144043,-0.647461,1.15723
470288891448,-0.0820312,-0.340332,0.584473
470288913868,-0.461914,-0.62793,1.1499
470288934842,0.0976562,-0.433594,1.17676
470288951294,0.546387,-0.303223,0.844727
470288973819,0.542969,-0.267578,0.650391
470288994935,0.490234,-0.239258,0.612305
470289011302,0.66748,-0.210938,0.730957
470289033793,0.829102,-0.307129,1.06787
470289054914,-0.074707,-0.61377,1.29297
470289071310,-0.777832,-0.472168,0.490723
470289093776,0.570312,-0.443359,1.32275
470289122333,-0.567383,-0.397461,0.457031
470289131316,-0.333984,-0.680176,1.125
470289154215,0.666992,-0.304199,1.28809
470289182310,0.09375,-0.230957,0.692871
470289191284,-0.589844,-0.427734,0.384277
470289211655,-0.817871,-0.583496,0.390137
470289228240,-0.814453,-0.647461,0.534668
470289250623,-0.228516,-0.581543,1.0459
470289271660,-0.135254,-0.480957,0.921387
470289295592,-0.106445,-0.459961,0.897949
470289310614,-0.109375,-0.460938,0.90332
470289339834,-0.109375,-0.469238,0.898926
470289348212,-0.108887,-0.468262,0.900879
470289370669,-0.108398,-0.459473,0.902832
470289391658,-0.10791,-0.457031,0.900391
470289408150,-0.109863,-0.45459,0.896973
470289430598,-0.109375,-0.459473,0.895508
470289451678,-0.106445,-0.466309,0.897461
470289468132,-0.101074,-0.471191,0.895508
470289490638,-0.110352,-0.464844,0.894043
470289511723,-0.11084,-0.459961,0.905273
470289529579,-0.100098,-0.459473,0.899902
470289550642,-0.10791,-0.466797,0.907715
470289574569,-0.112305,-0.460938,0.925781
470289588191,-0.0849609,-0.416016,0.82959
470289610699,0.0454102,-0.457031,0.782227
470289640644,0.0458984,-0.564941,0.863281
470289646671,-0.0507812,-0.581055,0.851562
470289669943,-0.0737305,-0.484375,0.852539
470289692400,-0.0766602,-0.522949,0.871094
470289706794,-0.0288086,-0.510254,0.86377
470289737410,-0.0874023,-0.51123,0.84375
470289759970,-0.163574,-0.493164,0.862793
470289768830,-0.165039,-0.539062,0.894043
470289790009,-0.134277,-0.54541,0.893066
470289812374,-0.162598,-0.454102,0.924316
470289828805,-0.153809,-0.369141,0.896484
470289874604,-0.141113,-0.339844,0.890625
470289875458,-0.162109,-0.298828,0.811523
470289888250,-0.102051,-0.342285,0.868164
470289926254,-0.0151367,-0.52832,0.969727
470289933742,0.13623,-0.711426,1.20996
470289955050,-0.0463867,-0.551758,1.06055
470289977340,-0.209961,-0.211914,0.960449
470289992380,-0.0488281,-0.251953,0.911133
470290008903,0.00244141,-0.467285,0.913086
470290029921,-0.00634766,-0.602539,0.900391
470290075585,-0.0493164,-0.569336,0.875977
470290076447,-0.0527344,-0.489258,0.86377
470290091264,-0.0810547,-0.463867,0.879883
470290111729,-0.102051,-0.416504,0.89502
470290144371,-0.0385742,-0.460449,0.931152
470290158781,0.0527344,-0.499512,0.964355
470290173228,0.0263672,-0.60498,1.12646
470290188853,-0.281738,-0.52832,0.757812
470290209893,0.0419922,-0.48584,1.14648
470290233854,0.245605,-0.299805,0.690918
470290249359,-0.118164,-0.454102,0.888184
470290270643,-0.0957031,-0.491211,0.894531
470290292280,-0.0952148,-0.478027,0.910156
470290308734,-0.103027,-0.461426,0.904297
470290329881,-0.121094,-0.460938,0.901855
470290352358,-0.12207,-0.477539,0.902344
470290368846,-0.114746,-0.484863,0.902344
470290389885,-0.107422,-0.484375,0.898438
470290412266,-0.0942383,-0.466797,0.896484
470290428800,-0.104004,-0.473633,0.905762
470290451444,-0.101562,-0.467773,0.911133
470290473774,-0.114258,-0.469727,0.898926
470290488727,-0.105957,-0.454102,0.888184
470290509983,-0.101074,-0.484375,0.888672
470290533765,-0.117676,-0.479492,0.889648
470290548735,-0.102539,-0.477539,0.888184
470290569969,-0.0986328,-0.464355,0.89502
470290592474,-0.0917969,-0.46582,0.881348
470290608960,-0.0805664,-0.464844,0.894531
470290630591,-0.0883789,-0.47168,0.894043
470290659916,-0.102051,-0.471191,0.888184
470290668229,-0.103027,-0.469727,0.898438
470290689883,-0.104492,-0.479492,0.889648
470290712290,-0.107422,-0.485352,0.89502
470290728101,-0.100098,-0.466797,0.891113
470290751341,-0.0991211,-0.465332,0.88916
470290772317,-0.0991211,-0.481934,0.893066
470290788249,-0.0986328,-0.469727,0.88916
470290811229,-0.100098,-0.462891,0.900391
470290832402,-0.103516,-0.462891,0.900879
470290848167,-0.104492,-0.46875,0.901367
470290871314,-0.0947266,-0.480957,0.892578
470290892461,-0.0996094,-0.477539,0.891602
470290908196,-0.107422,-0.473145,0.899902
470290931349,-0.114258,-0.478516,0.899414
470290952340,-0.100098,-0.47168,0.893555
470290968142,-0.0913086,-0.455566,0.914062
470290991304,-0.0756836,-0.452637,0.891602
470291012312,-0.0947266,-0.480957,0.893066
470291028104,-0.120605,-0.486328,0.908691
470291051286,-0.13916,-0.490723,0.902344
470291072398,-0.193848,-0.446289,0.883789
470291088124,-0.105469,-0.485352,0.891113
470291111448,-0.0756836,-0.441895,0.884277
470291132288,-0.0551758,-0.464355,0.862305
470291148050,-0.0258789,-0.502441,0.915527
470291171242,-0.0751953,-0.476074,0.88623
470291192309,-0.173828,-0.439453,0.894531
470291208168,-0.205078,-0.476562,0.907227
470291237256,-0.180176,-0.51709,0.866211
470291252434,-0.120605,-0.503906,0.90918
470291268162,-0.0727539,-0.435059,0.90625
470291291364,-0.0341797,-0.435547,0.87207
470291312340,-0.0273438,-0.448242,0.861816
470291328203,-0.0214844,-0.429688,0.875977
470291351379,-0.0219727,-0.446289,0.894531
470291372352,-0.0209961,-0.478027,0.880859
470291388057,-0.0751953,-0.507812,0.897949
470291411382,-0.120605,-0.54248,0.900879
470291432234,-0.174316,-0.549316,0.901367
470291448128,-0.189941,-0.532715,0.905273
470291471314,-0.205078,-0.474121,0.920898
470291493737,-0.209473,-0.464355,0.914062
470291508177,-0.185059,-0.429688,0.862793
470291531386,-0.131836,-0.459473,0.890625
470291559902,-0.0844727,-0.479492,0.933594
470291583792,-0.0380859,-0.427734,0.854004
470291590642,0.0195312,-0.512695,0.845215
470291619872,-0.0205078,-0.563477,0.918457
470291628164,-0.0878906,-0.602051,0.891113
470291650645,-0.181152,-0.375,0.880371
470291673844,-0.220703,-0.386719,0.881348
470291688099,-0.125977,-0.466309,0.899414
470291710615,-0.0537109,-0.446777,0.953613
470291741218,-0.0532227,-0.412109,0.855957
470291748224,-0.0512695,-0.500488,0.824707
470291770620,0.00585938,-0.546875,0.86084
470291793782,-0.019043,-0.55957,0.865234
470291814867,-0.0922852,-0.53125,0.89502
470291830617,-0.152344,-0.501465,0.917969
470291853849,-0.235352,-0.535156,0.864258
470291868082,-0.229492,-0.479492,0.882812
470291898746,-0.123047,-0.394531,0.908691
470291921379,-0.0722656,-0.44873,0.875
470291928223,-0.0883789,-0.521973,0.880371
470291950724,-0.0712891,-0.48877,0.900879
470291973709,-0.0791016,-0.484375,0.836426
470291988103,-0.0546875,-0.53125,0.864746
470292010512,-0.0581055,-0.571289,0.876465
470292033774,-0.112793,-0.520508,0.882324
470292048137,-0.15332,-0.454102,0.884277
470292093111,-0.163086,-0.460449,0.898438
470292099807,-0.157715,-0.518555,0.887207
470292116388,-0.143555,-0.518555,0.883789
470292131258,-0.0878906,-0.476074,0.893555
470292145560,-0.19043,-0.46582,0.861816
470292175558,-0.196289,-0.576172,0.908203
470292198830,-0.236328,-0.435547,0.661621
470292221212,0.0859375,-0.450195,1.01758
470292259433,-0.130859,-0.409668,0.604492
470292260307,-0.555176,-0.649902,0.983887
470292273804,-0.170898,-0.495117,0.848145
470292311364,-0.00488281,-0.624512,0.97168
470292342009,-0.152344,-0.491211,0.890625
470292342802,-0.145996,-0.496582,0.871094
470292355491,-0.0717773,-0.496582,0.864746
470292377408,-0.233887,-0.402832,0.769043
470292393687,-0.254395,-0.383789,0.660156
470292408798,0.0727539,-0.420898,0.922363
470292430562,-0.391602,-0.58252,0.821777
470292453792,-0.17627,-0.547852,1.19971
470292476319,0.152344,-0.331055,0.744629
470292490503,-0.0771484,-0.472168,0.837891
